Workbook

Sheet Task Agreement Form
A1: FACULTY OF EDUCATION - TASK AGREEMENT FORM (As for approval during Faculty Management Committee meeting of 12 September 2024)
A4: Lecturer: | B4: Byron Bunt | C4: Staff number: | D4: 20172672
A5: Post title (example: Snr Lecturer) | B5: Associate Professor | C5: Race (for equity purposes): | D5: White
A6: Qualification: | B6: PhD | C6: Gender: | D6: Male
A7: Year to which the task agreement applies: | B7: 2025 | C7: School: | D7: SCSSE
A8: Mentor: | B8: Prof. Elsa Mentz | C8: Research entity: | D8: SDL
A9: GENERAL INSTRUCTIONS: *Please also read all the instructions marked in yellow. *Where you fill in the hours in Column D, please use a comma for decimals. (Ex. 30min are typed as 0,5) - numbers only in column D please! *Column E automatically calculates the percentage (%) of the task against the total number of hours added. *Please do not under any circumstances copy & paste or try to add or delete lines - the document has a lot of formulas. *Should the number of hours (Norm) be exceeded, assistance will be provided and needs to be managed by the lecturer. *ADDENDUM B CONTACT DELIVERY -Where "Lectures per week CONTACT" is required, please fill in the number of periods/hours per week (add up all the session times). -Delivery of a module is calculated against the standard of 10 weeks per semester to allow for consistency across the faculty. -Contact time (number of lectures) for respective modules are calculated as follows: 8 credit = 1 period/hour per week, 12 credit (generic module) = 1 period/hour per week, 12 credit (methodology / core module) = 2 periods/hours per week, 16 credit = 2 periods/hours per week. DISTANCE DELIVERY -Number of hours total contact time required for respective distance modules are calculated as follows: 8 credit module = 6 hours (minimum of 3 hours synchronous contact time) per semester, 12 credit module = 9 hours (minimum of 4.5 hours synchronous contact time) per semester, 16 credit module = 12 hours (minimum of 6 hours synchronous contact time) per semester, 20-24 credit module = 16 hours (minimum of 8 hours synchronous contact time) per semester.
A10: Norm = 1728 hours
A11: ITEM | B11: CALCULATION AND DETAILS | D11: NUMBER OF HOURS | E11: %
A12: SECTION 1 DIY Performance Agreement KPA: Personal Research, Innovation and/or Creative Outputs
A13: Use Addendum A as guideline
A14: 1.1 Subsidy-bearing articles | B14: Only articles to be submitted in the following year, calculated as follows: Single author: 150 hours for ISI journal and 100 hours for DHE journal. One of two authors: 75 hours for ISI journal and 50 hours for DHE journal. One of three authors: 50 hours for ISI journal and 35 hours for DHE journal.
B15: Provisional title, authors, journal, planned submission date | C15: CESM code | D15: Hours
B16: Level Up Learning: Enhancing Self-Directed Learning in Computer Applications Technology with Classcraft | D16: 50 | E16: =((D16*100)/$D$384) -> 2.3041581
B17: Game-Based Learning in History Education: Insights from “Dogs of War” | D17: 75 | E17: =((D17*100)/$D$384) -> 3.4562371
B18: Revitalizing Classrooms: Integrating Indigenous Knowledge and Ubuntu in Social Sciences Education | D18: 50 | E18: =((D18*100)/$D$384) -> 2.3041581
D19: 0 | E19: =((D19*100)/$D$384) -> 0
D20: 0 | E20: =((D20*100)/$D$384) -> 0
D21: 0 | E21: =((D21*100)/$D$384) -> 0
D22: 0 | E22: =((D22*100)/$D$384) -> 0
D23: 0 | E23: =((D23*100)/$D$384) -> 0
D24: 0 | E24: =((D24*100)/$D$384) -> 0
A25: 1.2 Projects within research entity | B25: Entity leader (niche/niche 0): 100 hours NB! List below.
D26: 0 | E26: =((D26*100)/$D$384) -> 0
B27: Research project leader (no funding = 50 hours; under R20 000 = 80 hours; R20 001—R50 000 = 100 hours; R50 001—R100 000 = 150 hours; R100 001—R500 000 = 200 hours; more than R500 001 = 300 hours). NB! List research projects below.
B28: Prosper GREAT project | D28: 50 | E28: =((D28*100)/$D$384) -> 2.3041581
D29: 0 | E29: =((D29*100)/$D$384) -> 0
D30: 0 | E30: =((D30*100)/$D$384) -> 0
B31: Research project participant (1 TO 5 PARTICIPANTS) (no funding = 10 hours; under R20 000 = 30 hours; R20 001—R50 000 = 60 hours; R50 001—R100 000 = 80 hours; R100 001—R500 000 = 100 hours; more than R500 000 = 200 hours). NB! List details below.
B32: Citesaga project, Renewable Rangers project | D32: 20 | E32: =((D32*100)/$D$384) -> 0.92166323
B33: Research project participant (MORE THAN 5 PARTICIPANTS) (no funding = 8 hours; under R20 000 = 20 hours; R20 001—R50 000 = 30 hours; R50 001—R100 000 = 60 hours; R100 001—R500 000 = 80 hours; more than R500 000 = 120 hours). NB! List details below.
D34: 0 | E34: =((D34*100)/$D$384) -> 0
B35: Papers to be presented Maximum 45 hours per year consisting of 15 hours per conference. NB! List details below.
B36: ECGBL | D36: 15 | E36: =((D36*100)/$D$384) -> 0.69124743
B37: SDL | D37: 15 | E37: =((D37*100)/$D$384) -> 0.69124743
D38: 0 | E38: =((D38*100)/$D$384) -> 0
A39: 1.3 Other research outputs | B39: Selection and examination of articles and projects Maximum of 5 hours per item up to a maximum of 20 hours per year (or 4 items). NB! List details below.
D40: 0 | E40: =((D40*100)/$D$384) -> 0
D41: 0 | E41: =((D41*100)/$D$384) -> 0
D42: 0 | E42: =((D42*100)/$D$384) -> 0
D43: 0 | E43: =((D43*100)/$D$384) -> 0
B44: Contributions to academic books (Contributions to university and school textbooks should be listed under Section 4.) Only chapters in subsidy-bearing books to be submitted in the following year, calculated as follows: Single author: 100 hours. One of two authors: 50 hours. One of three or more authors: 35 hours. NB! List the provisional chapter title, authors and title of the book below.
B45: Play with purpose, B Bunt and L Bunt, SDL OEP book for 2025 | D45: 50 | E45: =((D45*100)/$D$384) -> 2.3041581
B46: Open Educational Practices (OEPs) in the Era of the Fourth Industrial Revolution (4IR): Empowering Self-Directed Learning (SDL) | D46: 35 | E46: =((D46*100)/$D$384) -> 1.6129107
D47: 0 | E47: =((D47*100)/$D$384) -> 0
D48: 0 | E48: =((D48*100)/$D$384) -> 0
D49: 0 | E49: =((D49*100)/$D$384) -> 0
D50: 0 | E50: =((D50*100)/$D$384) -> 0
D51: 0 | E51: =((D51*100)/$D$384) -> 0
B52: Editor or sub-editor Only for subsidy-bearing books = 50 - 100 hours
D53: 0 | E53: =((D53*100)/$D$384) -> 0
B54: Critical reading of research proposals 2 hours per research proposals read. List details of Research Entity below. | C54: Number of proposals | D54: Hours
B55: SDL scientific committee | C55: 5 | D55: 10 | E55: =((D55*100)/$D$384) -> 0.46083162
C56: 0 | D56: 0 | E56: =((D56*100)/$D$384) -> 0
A57: 1.5. Furthering of own qualification | B57: Master's: 300 hours per year (for a maximum of 3 years). PhD: 300 hours per year (for a maximum of 4 years). Provide details (date of first registration, year of study, etc.) below. Note: Study leave must be deducted from the hours (1 week of study leave = 40 hours); e.g. if 10 weeks of study leave has been granted, then 400 hours have already been allocated. | D57: Hours
B58: Date of first registration, year of study, supervisor/promoter
B59: Registration date: Year of study: | C59: CESM code | D59: 0 | E59: =((D59*100)/$D$384) -> 0
B60: Study leader / Promotor:
A61: GRAND TOTAL: SECTION 1 | D61: =SUM(D16:D24,D26,D28:D30,D32,D34,D36:D38,D40:D43,D45:D51,D53,D55:D56,D59:D60) -> 370 | E61: =SUM(E59:E60,E16:E24,E26,E28:E30,E32,E34,E36:E38,E40:E43,E45:E51,E53,E55:E56) -> 17.05077
A62: SECTION 2 DIY Performance Agreement KPA: Teaching and Learning (including higher degree supervision)
A63: 2.1 MEd & PhD supervision | B63: MEd Supervisor 180 hours required at completion. Minimum of 60 hours per year per student for a maximum of 3 years (full time). Minimum of 45 hours per student for a maximum of 4 years (part time). NB! Provide student's name and year of study below.
B64: Use Addendum A as guideline
B65: Student and year of study | C65: Module code | D65: Hours
B66: C. Choba | D66: 60 | E66: =((D66*100)/$D$384) -> 2.7649897
B67: S. Manana | D67: 60 | E67: =((D67*100)/$D$384) -> 2.7649897
B68: V van Rensberg | D68: 60 | E68: =((D68*100)/$D$384) -> 2.7649897
D69: 0 | E69: =((D69*100)/$D$384) -> 0
D70: 0 | E70: =((D70*100)/$D$384) -> 0
D71: 0 | E71: =((D71*100)/$D$384) -> 0
D72: 0 | E72: =((D72*100)/$D$384) -> 0
D73: 0 | E73: =((D73*100)/$D$384) -> 0
D74: 0 | E74: =((D74*100)/$D$384) -> 0
B75: MEd Co-Supervisor 120 hours required at completion. Minimum of 40 hours per year per student for a maximum of 3 years (full time). Minimum of 30 hours per student for a maximum of 4 years (part time). NB! Provide student's name and year of study below.
B76: Student and year of study | C76: Module code | D76: Hours
B77: P. Motsosi | D77: 40 | E77: =((D77*100)/$D$384) -> 1.8433265
D78: 0 | E78: =((D78*100)/$D$384) -> 0
D79: 0 | E79: =((D79*100)/$D$384) -> 0
D80: 0 | E80: =((D80*100)/$D$384) -> 0
D81: 0 | E81: =((D81*100)/$D$384) -> 0
D82: 0 | E82: =((D82*100)/$D$384) -> 0
D83: 0 | E83: =((D83*100)/$D$384) -> 0
D84: 0 | E84: =((D84*100)/$D$384) -> 0
D85: 0 | E85: =((D85*100)/$D$384) -> 0
B86: MEd Assistant Supervisor 90 hours required at completion. Minimum of 30 hours per year per student for a maximum of 3 years (full time). Minimum of 22,5 hours per student for a maximum of 4 years (part time). NB! Provide student's name and year of study below.
B87: Student and year of study | C87: Module code | D87: Hours
D88: 0 | E88: =((D88*100)/$D$384) -> 0
D89: 0 | E89: =((D89*100)/$D$384) -> 0
D90: 0 | E90: =((D90*100)/$D$384) -> 0
D91: 0 | E91: =((D91*100)/$D$384) -> 0
D92: 0 | E92: =((D92*100)/$D$384) -> 0
D93: 0 | E93: =((D93*100)/$D$384) -> 0
D94: 0 | E94: =((D94*100)/$D$384) -> 0
D95: 0 | E95: =((D95*100)/$D$384) -> 0
B96: PhD Promotor 360 hours required at completion. Minimum of 90 hours per year per student for a maximum of 4 years (full time). Minimum of 72 hours per student for a maximum of 5 years (part time). NB! Provide student's name and year of study below.
B97: Student and year of study | C97: Module code | D97: Hours
B98: D. Olivier | C98: CRSE 971 | D98: 90 | E98: =((D98*100)/$D$384) -> 4.1474846
B99: ST. Dinga | C99: CRSE 971 | D99: 90 | E99: =((D99*100)/$D$384) -> 4.1474846
D100: 0 | E100: =((D100*100)/$D$384) -> 0
D101: 0 | E101: =((D101*100)/$D$384) -> 0
D102: 0 | E102: =((D102*100)/$D$384) -> 0
...

Sheet AddendumA - Module & CESM codes
A1: CODES FOR SUPERVISION AND RESEARCH
A3: 2.1 SUPERVISION | H3: CESM codes for research discipline (must be the 6-figure code)
A4: Descriptive Name / | B4: Curriculum Abbreviation / Module kode | C4: Credits / Krediete | D4: Campuses / | H4: 1.1 CESM codes
A5: Beskrywende naam | D5: Kampusse
D6: P | E6: V | F6: M
A7: Curriculum Studies | B7: CRSE 871 | C7: 180 | D7: √ | E7: √
A8: Kurrikulumstudies
A9: Physical Science Education with Natural Science Education | B9: PHSE 871 | C9: 180 | D9: √
A10: Fisiese Wetenskaponderwys met Natuurwetenskaponderwys
A11: Educational Management and Leadership | B11: EDMA 871 | C11: 180 | D11: √ | E11: √ | F11: √
A12: Onderwysbestuur en Leierskap
A13: Education Law | B13: EDLW 871 | C13: 180 | D13: √ | E13: √
A14: Onderwysreg
A15: Educational Psychology | B15: EPSY 871 | C15: 180 | D15: √
A16: Opvoedkundige Sielkunde
A17: International and Comparative Education | B17: CMPE 871 | C17: 180 | D17: √
A18: Internasionale en Vergelykende Opvoedkunde
A19: Mathematics Education | B19: MATE 871 | C19: 180 | D19: √
A20: Wiskunde-onderwys
A21: Special Needs Education | B21: SPNE 871 | C21: 180 | D21: √ | E21: √
A22: Onderwys vir Spesiale Behoeftes
A23: Philosophy of Education | B23: PHIE 871 | C23: 180 | D23: √
A24: Filosofie van Opvoedkunde
A25: Physical Education | B25: MOVE 871 | C25: 180 | D25: √
A26: Liggaamlike Opvoeding
A27: Information Technology Education* | B27: CSIE 871 | C27: 240 | D27: √
A28: Inligtingstegnologie-onderwys*
A29: Maths/Science Education | B29: SEDM 871 | C29: 180 | F29: √
A30: Wiskunde/Wetenskap Onderwys
A31: Language Education / | B31: EDSL 871 | C31: 180 | D31: √ | E31: √ | F31: √
A32: Taalonderwys
A34: Descriptive Name / | B34: Curriculum Abbreviation / Module kode | C34: Credits / Krediete | D34: Campuses /
A35: Beskrywende naam | D35: Kampusse
D36: P | E36: V | F36: M
A37: Natural Science Education | B37: PHSE 971 | C37: 360 | D37: √ | F37: √
A38: Fisiese Natuurwetenskaponderwys
A39: Educational Management | B39: EDMA 971 | C39: 360 | D39: √ | E39: √ | F39: √
A40: Onderwysbestuur
A41: Education Law | B41: EDLW 971 | C41: 360 | D41: √ | E41: √ | F41: √
A42: Onderwysreg
A43: Educational Psychology | B43: EPSY 971 | C43: 360 | D43: √
A44: Opvoedkundige Sielkunde
A45: Comparative Education | B45: CMPE 971 | C45: 360 | D45: √ | F45: √
A46: Vergelykende Opvoedkunde
A47: Mathematics Education | B47: MATE 971 | C47: 360 | D47: √ | F47: √
A48: Wiskunde-onderwys
A49: Special Needs Education | B49: SPNE 971 | C49: 360 | D49: √ | E49: √ | F49: √
A50: Onderwys vir Spesiale Behoeftes
A51: Philosophy of Education | B51: PHIE 971 | C51: 360 | D51: √
A52: Filosofie van Opvoedkunde
A53: Physical Education | B53: MOVE 971 | C53: 360 | D53: √
A54: Liggaamlike Opvoeding
A55: Computer Science Education | B55: CSIE 971 | C55: 360 | D55: √
A56: Rekenaarwetenskaponderwys
A57: Curriculum Studies | B57: CRSE 971 | C57: 360 | D57: √ | E57: √ | F57: √
A58: Kurrikulumstudies
A59: Language Education / | B59: EDSL 971 | C59: 360 | D59: √ | E59: √ | F59: √
A60: Taalonderwys

Sheet AddendumB - Section 2 calculati
A1: *NB! PLEASE PAY CAREFUL ATTENTION TO THE INSTRUCTIONS ON THE TASK AGREEMENT FORM
A2: 1st year modules: BEd and Diploma | C2: 2nd year modules: BEd and Diploma | E2: 3rd year modules: BEd and Diploma; All modules: AdvCert (ACT) | G2: 4th year modules: BEd; All modules: PGCE and AdvDip (ADE) | I2: BEd Hons (ONLY Contact, unless module is alligned on distance and NOT indicated under Section 2.7) | K2: MEd Structured (from 2025)
A3: MODULE CODE | C3: MODULE CODE | E3: MODULE CODE | F3: HISE 322 | G3: MODULE CODE | H3: HISE 411 | I3: MODULE CODE | K3: MODULE CODE
A4: Number of students CONTACT (a) | B4: 0 | C4: Number of students CONTACT (a) | D4: 0 | E4: Number of students CONTACT (a) | F4: 40 | G4: Number of students CONTACT (a) | H4: 35 | I4: Number of students CONTACT (a) | J4: 0 | K4: Number of students CONTACT (a) | L4: 0
A5: Number of lectures per week CONTACT that you present (b) | B5: 0 | C5: Number of lectures per week CONTACT that you present (b) | D5: 0 | E5: Number of lectures per week CONTACT that you present (b) | F5: 2 | G5: Number of lectures per week CONTACT that you present (b) | H5: 2 | I5: Number of lectures per week CONTACT that you present (b) | J5: 0 | K5: Number of lectures per week CONTACT that you present (b) | L5: 0
A6: Number of weeks CONTACT that you present lectures (c) | B6: 0 | C6: Number of weeks CONTACT that you present lectures (c) | D6: 0 | E6: Number of weeks CONTACT that you present lectures (c) | F6: 10 | G6: Number of weeks CONTACT that you present lectures (c) | H6: 10 | I6: Number of weeks CONTACT that you present lectures (c) | J6: 0 | K6: Number of weeks CONTACT that you present lectures (c) | L6: 0
A7: Number of students DISTANCE (d) | B7: 0 | C7: Number of students DISTANCE (d) | D7: 0 | E7: Number of students DISTANCE (d) | F7: 0 | G7: Number of students DISTANCE (d) | H7: 0 | I7: Number of students DISTANCE (d) | J7: 0 | K7: Number of students DISTANCE (d) | L7: 0
A8: Total number of hours contact sessions DISTANCE (e) | B8: 0 | C8: Total number of hours contact sessions DISTANCE (e) | D8: 0 | E8: Total number of hours contact sessions DISTANCE (e) | F8: 0 | G8: Total number of hours contact sessions DISTANCE (e) | H8: 0 | I8: Total number of hours contact sessions DISTANCE (e) | J8: 0 | K8: Total number of hours contact sessions DISTANCE (e) | L8: 0
A9: Number of lecturers presenting (shared) module on same campus during the same 'weeks CONTACT' indicated (change to 2 or 3 if applicable) | B9: 1 | C9: Number of lecturers presenting (shared) module on same campus during the same 'weeks CONTACT' indicated (change to 2 or 3 if applicable) | D9: 1 | E9: Number of lecturers presenting (shared) module on same campus during the same 'weeks CONTACT' indicated (change to 2 or 3 if applicable) | F9: 1 | G9: Number of lecturers presenting (shared) module on same campus during the same 'weeks CONTACT' indicated (change to 2 or 3 if applicable) | H9: 1 | I9: Number of lecturers presenting (shared) module on same campus during the same 'weeks CONTACT' indicated (change to 2 or 3 if applicable) | J9: 1 | K9: Number of lecturers presenting (shared) module on same campus during the same 'weeks CONTACT' indicated (change to 2 or 3 if applicable) | L9: 1
A10: Calculation of hours | B10: HOURS | C10: Calculation of hours | D10: HOURS | E10: Calculation of hours | F10: HOURS | G10: Calculation of hours | H10: HOURS | I10: Calculation of hours | J10: HOURS | K10: Calculation of hours | L10: HOURS
A11: Number of lectures | B11: =(B5*B6)+B8 -> 0 | C11: Number of lectures | D11: =(D5*D6)+D8 -> 0 | E11: Number of lectures | F11: =(F5*F6)+F8 -> 20 | G11: Number of lectures | H11: =(H5*H6)+H8 -> 20 | I11: Number of lectures | J11: =(J5*J6)+J8 -> 0 | K11: Number of lectures | L11: =(L5*L6)+L8 -> 0
A12: Preparation (contact and distance lecturer) | B12: =(B5*B6)+B8 -> 0 | C12: Preparation (contact and distance lecturer) | D12: =(D5*D6)+D8 -> 0 | E12: Preparation (contact and distance lecturer) | F12: =(F5*F6)+F8 -> 20 | G12: Preparation (contact and distance lecturer) | H12: =(H5*H6)+H8 -> 20 | I12: Preparation (contact and distance lecturer) | J12: =((J5*J6)+J8)*1.5 -> 0 | K12: Preparation (contact and distance lecturer) | L12: =((L5*L6)+L8)*2 -> 0
A13: Support to students | B13: =(((B4*0.08)*(B6/10))+(B7*0.16))/B9 -> 0 | C13: Support to students | D13: =(((D4*0.08)*(D6/10))+(D7*0.16))/D9 -> 0 | E13: Support to students | F13: =(((F4*0.08)*(F6/10))+(F7*0.16))/F9 -> 3.2 | G13: Support to students | H13: =((H4*0.08)+(H7*0.16))/H9 -> 2.8 | I13: Support to students | J13: =(((J4*0.08)*(J6/10))+(J7*0.16))/J9 -> 0 | K13: Support to students | L13: =(((L4*0.08)*(L6/10))+(L7*0.16))/L9 -> 0
A14: Exam question papers + memos (12—16 hours per question paper divided by Number of lecturers drafting paper) ONE LANGUAGE … question papers @ … hours per question paper | B14: 0 | C14: Exam question papers + memos (12—16 hours per question paper divided by Number of lecturers drafting paper) ONE LANGUAGE … question papers @ … hours per question paper | D14: 0 | E14: Exam question papers + memos (12—16 hours per question paper divided by Number of lecturers drafting paper) ONE LANGUAGE … question papers @ … hours per question paper | F14: 12 | G14: Exam question papers + memos (12—16 hours per question paper divided by Number of lecturers drafting paper) ONE LANGUAGE … question papers @ … hours per question paper | H14: 12 | I14: Exam question papers + memos (12—16 hours per question paper divided by Number of lecturers drafting paper) ONE LANGUAGE … question papers @ … hours per question paper | J14: 0 | K14: Exam question papers + memos (12—16 hours per question paper divided by Number of lecturers drafting paper) ONE LANGUAGE … question papers @ … hours per question paper | L14: 0
A15: Exam question papers + memos (2—5 hours per question paper divided by Number of lecturers drafting paper) TRANSLATION … question papers @ … hours per question paper | B15: 0 | C15: Exam question papers + memos (2—5 hours per question paper divided by Number of lecturers drafting paper) TRANSLATION … question papers @ … hours per question paper | D15: 0 | E15: Exam question papers + memos (2—5 hours per question paper divided by Number of lecturers drafting paper) TRANSLATION … question papers @ … hours per question paper | F15: 2 | G15: Exam question papers + memos (2—5 hours per question paper divided by Number of lecturers drafting paper) TRANSLATION … question papers @ … hours per question paper | H15: 2 | I15: Exam question papers + memos (2—5 hours per question paper divided by Number of lecturers drafting paper) TRANSLATION … question papers @ … hours per question paper | J15: 0 | K15: Exam question papers + memos (2—5 hours per question paper divided by Number of lecturers drafting paper) TRANSLATION … question papers @ … hours per question paper | L15: 0
A16: Assessment (ONLY CONTACT) | B16: =(B4*(B6/10))/B9 -> 0 | C16: Assessment (ONLY CONTACT) | D16: =(D4*(D6/10))/D9 -> 0 | E16: Assessment (ONLY CONTACT) | F16: =(F4*(F6/10))/F9 -> 40 | G16: Assessment (ONLY CONTACT) | H16: =(H4*(H6/10))/H9 -> 35 | I16: Assessment (ONLY CONTACT) | J16: =(J4*(J6/10))/J9 -> 0 | K16: Assessment (ONLY CONTACT) | L16: =(L4*(L6/10))/L9 -> 0
A17: Assessment (additional) Reasons: | B17: 0 | C17: Assessment (additional) Reasons: | D17: 0 | E17: Assessment (additional) Reasons: | F17: 0 | G17: Assessment (additional) Reasons: | H17: 0 | I17: Assessment (additional) Reasons: | J17: 0 | K17: Assessment (additional) Reasons: | L17: 0
A18: Practicals for Natural Science, Physical Science, Life Science & Geography (@ 0,5 hours per student divided by Number of lecturers presenting practical) (Number of contact students + number of distance students) /2 | B18: 0 | C18: Practicals for Natural Science, Physical Science, Life Science & Geography (@ 0,5 hours per student divided by Number of lecturers presenting practical) (Number of contact students + number of distance students) /2 | D18: 0 | E18: Practicals for Natural Science, Physical Science, Life Science & Geography (@ 0,5 hours per student divided by Number of lecturers presenting practical) (Number of contact students + number of distance students) /2 | F18: 0 | G18: Practicals for Natural Science, Physical Science, Life Science & Geography (@ 0,5 hours per student divided by Number of lecturers presenting practical) (Number of contact students + number of distance students) /2 | H18: 0 | I18: Practicals for Natural Science, Physical Science, Life Science & Geography (@ 0,5 hours per student divided by Number of lecturers presenting practical) (Number of contact students + number of distance students) /2 | J18: 0 | K18: Practicals for Natural Science, Physical Science, Life Science & Geography (@ 0,5 hours per student divided by Number of lecturers presenting practical) (Number of contact students + number of distance students) /2 | L18: 0
A19: Teaching administration | B19: =(B6+B8)/B9 -> 0 | C19: Teaching administration | D19: =(D6+D8)/D9 -> 0 | E19: Teaching administration | F19: =(F6+F8)/F9 -> 10 | G19: Teaching administration | H19: =(H6+H8)/H9 -> 10 | I19: Teaching administration | J19: =(J6+J8)/J9 -> 0 | K19: Teaching administration | L19: =(L6+L8)/L9 -> 0
A20: Total | B20: =SUM(B11:B19) -> 0 | C20: Total | D20: =SUM(D11:D19) -> 0 | E20: Total | F20: =SUM(F11:F19) -> 107.2 | G20: Total | H20: =SUM(H11:H19) -> 101.8 | I20: Total | J20: =SUM(J11:J19) -> 0 | K20: Total | L20: =SUM(L11:L19) -> 0
A21: * Assessment (distance) is included under marking quota on task time form | C21: * Assessment (distance) is included under marking quota on task time form | E21: * Assessment (distance) is included under marking quota on task time form | G21: * Assessment (distance) is included under marking quota on task time form | I21: * Assessment (distance) is included under marking quota on task time form | K21: * Assessment (distance) is included under marking quota on task time form
A22: Year level adjustment (none) | B22: =B20 -> 0 | C22: Year level adjustment | D22: =D20*1.05 -> 0 | E22: Year level adjustment | F22: =F20*1.1 -> 117.92 | G22: Year level adjustment | H22: =H20*1.15 -> 117.07 | I22: Year level adjustment | J22: =J20*1.2 -> 0 | K22: Year level adjustment | L22: =L20*1.25 -> 0
A24: MODULE CODE | C24: MODULE CODE | E24: MODULE CODE | G24: MODULE CODE | I24: MODULE CODE | K24: MODULE CODE
A25: Number of students CONTACT (a) | B25: 0 | C25: Number of students CONTACT (a) | D25: 0 | E25: Number of students CONTACT (a) | F25: 0 | G25: Number of students CONTACT (a) | H25: 0 | I25: Number of students CONTACT (a) | J25: 0 | K25: Number of students CONTACT (a) | L25: 0
A26: Number of lectures per week CONTACT that you present (b) | B26: 0 | C26: Number of lectures per week CONTACT that you present (b) | D26: 0 | E26: Number of lectures per week CONTACT that you present (b) | F26: 0 | G26: Number of lectures per week CONTACT that you present (b) | H26: 0 | I26: Number of lectures per week CONTACT that you present (b) | J26: 0 | K26: Number of lectures per week CONTACT that you present (b) | L26: 0
A27: Number of weeks CONTACT that you present lectures (c) | B27: 0 | C27: Number of weeks CONTACT that you present lectures (c) | D27: 0 | E27: Number of weeks CONTACT that you present lectures (c) | F27: 0 | G27: Number of weeks CONTACT that you present lectures (c) | H27: 0 | I27: Number of weeks CONTACT that you present lectures (c) | J27: 0 | K27: Number of weeks CONTACT that you present lectures (c) | L27: 0
A28: Number of students DISTANCE (d) | B28: 0 | C28: Number of students DISTANCE (d) | D28: 0 | E28: Number of students DISTANCE (d) | F28: 0 | G28: Number of students DISTANCE (d) | H28: 0 | I28: Number of students DISTANCE (d) | J28: 0 | K28: Number of students DISTANCE (d) | L28: 0
A29: Total number of hours contact sessions DISTANCE (e) | B29: 0 | C29: Total number of hours contact sessions DISTANCE (e) | D29: 0 | E29: Total number of hours contact sessions DISTANCE (e) | F29: 0 | G29: Total number of hours contact sessions DISTANCE (e) | H29: 0 | I29: Total number of hours contact sessions DISTANCE (e) | J29: 0 | K29: Total number of hours contact sessions DISTANCE (e) | L29: 0
A30: Number of lecturers presenting (shared) module on same campus during the same 'weeks CONTACT' indicated (change to 2 or 3 if applicable) | B30: 1 | C30: Number of lecturers presenting (shared) module on same campus during the same 'weeks CONTACT' indicated (change to 2 or 3 if applicable) | D30: 1 | E30: Number of lecturers presenting (shared) module on same campus during the same 'weeks CONTACT' indicated (change to 2 or 3 if applicable) | F30: 1 | G30: Number of lecturers presenting (shared) module on same campus during the same 'weeks CONTACT' indicated (change to 2 or 3 if applicable) | H30: 1 | I30: Number of lecturers presenting (shared) module on same campus during the same 'weeks CONTACT' indicated (change to 2 or 3 if applicable) | J30: 1 | K30: Number of lecturers presenting (shared) module on same campus during the same 'weeks CONTACT' indicated (change to 2 or 3 if applicable) | L30: 1
A31: Calculation of hours | B31: HOURS | C31: Calculation of hours | D31: HOURS | E31: Calculation of hours | F31: HOURS | G31: Calculation of hours | H31: HOURS | I31: Calculation of hours | J31: HOURS | K31: Calculation of hours | L31: HOURS
A32: Number of lectures | B32: =(B26*B27)+B29 -> 0 | C32: Number of lectures | D32: =(D26*D27)+D29 -> 0 | E32: Number of lectures | F32: =(F26*F27)+F29 -> 0 | G32: Number of lectures | H32: =(H26*H27)+H29 -> 0 | I32: Number of lectures | J32: =(J26*J27)+J29 -> 0 | K32: Number of lectures | L32: =(L26*L27)+L29 -> 0
A33: Preparation (contact and distance lecturer) | B33: =(B26*B27)+B29 -> 0 | C33: Preparation (contact and distance lecturer) | D33: =(D26*D27)+D29 -> 0 | E33: Preparation (contact and distance lecturer) | F33: =(F26*F27)+F29 -> 0 | G33: Preparation (contact and distance lecturer) | H33: =(H26*H27)+H29 -> 0 | I33: Preparation (contact and distance lecturer) | J33: =((J26*J27)+J29)*1.5 -> 0 | K33: Preparation (contact and distance lecturer) | L33: =((L26*L27)+L29)*2 -> 0
A34: Support to students | B34: =(((B25*0.08)*(B27/10))+(B28*0.16))/B30 -> 0 | C34: Support to students | D34: =(((D25*0.08)*(D27/10))+(D28*0.16))/D30 -> 0 | E34: Support to students | F34: =(((F25*0.08)*(F27/10))+(F28*0.16))/F30 -> 0 | G34: Support to students | H34: =((H25*0.08)+(H28*0.16))/H30 -> 0 | I34: Support to students | J34: =(((J25*0.08)*(J27/10))+(J28*0.16))/J30 -> 0 | K34: Support to students | L34: =(((L25*0.08)*(L27/10))+(L28*0.16))/L30 -> 0
A35: Exam question papers + memos (12—16 hours per question paper divided by Number of lecturers drafting paper) ONE LANGUAGE … question papers @ … hours per question paper | B35: 0 | C35: Exam question papers + memos (12—16 hours per question paper divided by Number of lecturers drafting paper) ONE LANGUAGE … question papers @ … hours per question paper | D35: 0 | E35: Exam question papers + memos (12—16 hours per question paper divided by Number of lecturers drafting paper) ONE LANGUAGE … question papers @ … hours per question paper | F35: 0 | G35: Exam question papers + memos (12—16 hours per question paper divided by Number of lecturers drafting paper) ONE LANGUAGE … question papers @ … hours per question paper | H35: 0 | I35: Exam question papers + memos (12—16 hours per question paper divided by Number of lecturers drafting paper) ONE LANGUAGE … question papers @ … hours per question paper | J35: 0 | K35: Exam question papers + memos (12—16 hours per question paper divided by Number of lecturers drafting paper) ONE LANGUAGE … question papers @ … hours per question paper | L35: 0
A36: Exam question papers + memos (2—5 hours per question paper divided by Number of lecturers drafting paper) TRANSLATION … question papers @ … hours per question paper | B36: 0 | C36: Exam question papers + memos (2—5 hours per question paper divided by Number of lecturers drafting paper) TRANSLATION … question papers @ … hours per question paper | D36: 0 | E36: Exam question papers + memos (2—5 hours per question paper divided by Number of lecturers drafting paper) TRANSLATION … question papers @ … hours per question paper | F36: 0 | G36: Exam question papers + memos (2—5 hours per question paper divided by Number of lecturers drafting paper) TRANSLATION … question papers @ … hours per question paper | H36: 0 | I36: Exam question papers + memos (2—5 hours per question paper divided by Number of lecturers drafting paper) TRANSLATION … question papers @ … hours per question paper | J36: 0 | K36: Exam question papers + memos (2—5 hours per question paper divided by Number of lecturers drafting paper) TRANSLATION … question papers @ … hours per question paper | L36: 0
A37: Assessment (ONLY CONTACT) | B37: =(B25*(B27/10))/B30 -> 0 | C37: Assessment (ONLY CONTACT) | D37: =(D25*(D27/10))/D30 -> 0 | E37: Assessment (ONLY CONTACT) | F37: =(F25*(F27/10))/F30 -> 0 | G37: Assessment (ONLY CONTACT) | H37: =(H25*(H27/10))/H30 -> 0 | I37: Assessment (ONLY CONTACT) | J37: =(J25*(J27/10))/J30 -> 0 | K37: Assessment (ONLY CONTACT) | L37: =(L25*(L27/10))/L30 -> 0
A38: Assessment (additional) Reasons: | B38: 0 | C38: Assessment (additional) Reasons: | D38: 0 | E38: Assessment (additional) Reasons: | F38: 0 | G38: Assessment (additional) Reasons: | H38: 0 | I38: Assessment (additional) Reasons: | J38: 0 | K38: Assessment (additional) Reasons: | L38: 0
A39: Practicals for Natural Science, Physical Science, Life Science & Geography (@ 0,5 hours per student divided by Number of lecturers presenting practical) (Number of contact students + number of distance students) /2 | B39: 0 | C39: Practicals for Natural Science, Physical Science, Life Science & Geography (@ 0,5 hours per student divided by Number of lecturers presenting practical) (Number of contact students + number of distance students) /2 | D39: 0 | E39: Practicals for Natural Science, Physical Science, Life Science & Geography (@ 0,5 hours per student divided by Number of lecturers presenting practical) (Number of contact students + number of distance students) /2 | F39: 0 | G39: Practicals for Natural Science, Physical Science, Life Science & Geography (@ 0,5 hours per student divided by Number of lecturers presenting practical) (Number of contact students + number of distance students) /2 | H39: 0 | I39: Practicals for Natural Science, Physical Science, Life Science & Geography (@ 0,5 hours per student divided by Number of lecturers presenting practical) (Number of contact students + number of distance students) /2 | J39: 0 | K39: Practicals for Natural Science, Physical Science, Life Science & Geography (@ 0,5 hours per student divided by Number of lecturers presenting practical) (Number of contact students + number of distance students) /2 | L39: 0
A40: Teaching administration | B40: =(B27+B29)/B30 -> 0 | C40: Teaching administration | D40: =(D27+D29)/D30 -> 0 | E40: Teaching administration | F40: =(F27+F29)/F30 -> 0 | G40: Teaching administration | H40: =(H27+H29)/H30 -> 0 | I40: Teaching administration | J40: =(J27+J29)/J30 -> 0 | K40: Teaching administration | L40: =(L27+L29)/L30 -> 0
A41: Total | B41: =SUM(B32:B40) -> 0 | C41: Total | D41: =SUM(D32:D40) -> 0 | E41: Total | F41: =SUM(F32:F40) -> 0 | G41: Total | H41: =SUM(H32:H40) -> 0 | I41: Total | J41: =SUM(J32:J40) -> 0 | K41: Total | L41: =SUM(L32:L40) -> 0
A42: * Assessment (distance) is included under marking quota on task time form | C42: * Assessment (distance) is included under marking quota on task time form | E42: * Assessment (distance) is included under marking quota on task time form | G42: * Assessment (distance) is included under marking quota on task time form | I42: * Assessment (distance) is included under marking quota on task time form | K42: * Assessment (distance) is included under marking quota on task time form
A43: Year level adjustment (none) | B43: =B41 -> 0 | C43: Year level adjustment | D43: =D41*1.05 -> 0 | E43: Year level adjustment | F43: =F41*1.1 -> 0 | G43: Year level adjustment | H43: =H41*1.15 -> 0 | I43: Year level adjustment | J43: =J41*1.2 -> 0 | K43: Year level adjustment | L43: =L41*1.25 -> 0
A45: MODULE CODE | C45: MODULE CODE | E45: MODULE CODE | G45: MODULE CODE | I45: MODULE CODE | K45: MODULE CODE
A46: Number of students CONTACT (a) | B46: 0 | C46: Number of students CONTACT (a) | D46: 0 | E46: Number of students CONTACT (a) | F46: 0 | G46: Number of students CONTACT (a) | H46: 0 | I46: Number of students CONTACT (a) | J46: 0 | K46: Number of students CONTACT (a) | L46: 0
A47: Number of lectures per week CONTACT that you present (b) | B47: 0 | C47: Number of lectures per week CONTACT that you present (b) | D47: 0 | E47: Number of lectures per week CONTACT that you present (b) | F47: 0 | G47: Number of lectures per week CONTACT that you present (b) | H47: 0 | I47: Number of lectures per week CONTACT that you present (b) | J47: 0 | K47: Number of lectures per week CONTACT that you present (b) | L47: 0
A48: Number of weeks CONTACT that you present lectures (c) | B48: 0 | C48: Number of weeks CONTACT that you present lectures (c) | D48: 0 | E48: Number of weeks CONTACT that you present lectures (c) | F48: 0 | G48: Number of weeks CONTACT that you present lectures (c) | H48: 0 | I48: Number of weeks CONTACT that you present lectures (c) | J48: 0 | K48: Number of weeks CONTACT that you present lectures (c) | L48: 0
A49: Number of students DISTANCE (d) | B49: 0 | C49: Number of students DISTANCE (d) | D49: 0 | E49: Number of students DISTANCE (d) | F49: 0 | G49: Number of students DISTANCE (d) | H49: 0 | I49: Number of students DISTANCE (d) | J49: 0 | K49: Number of students DISTANCE (d) | L49: 0
A50: Total number of hours contact sessions DISTANCE (e) | B50: 0 | C50: Total number of hours contact sessions DISTANCE (e) | D50: 0 | E50: Total number of hours contact sessions DISTANCE (e) | F50: 0 | G50: Total number of hours contact sessions DISTANCE (e) | H50: 0 | I50: Total number of hours contact sessions DISTANCE (e) | J50: 0 | K50: Total number of hours contact sessions DISTANCE (e) | L50: 0
A51: Number of lecturers presenting (shared) module on same campus during the same 'weeks CONTACT' indicated (change to 2 or 3 if applicable) | B51: 1 | C51: Number of lecturers presenting (shared) module on same campus during the same 'weeks CONTACT' indicated (change to 2 or 3 if applicable) | D51: 1 | E51: Number of lecturers presenting (shared) module on same campus during the same 'weeks CONTACT' indicated (change to 2 or 3 if applicable) | F51: 1 | G51: Number of lecturers presenting (shared) module on same campus during the same 'weeks CONTACT' indicated (change to 2 or 3 if applicable) | H51: 1 | I51: Number of lecturers presenting (shared) module on same campus during the same 'weeks CONTACT' indicated (change to 2 or 3 if applicable) | J51: 1 | K51: Number of lecturers presenting (shared) module on same campus during the same 'weeks CONTACT' indicated (change to 2 or 3 if applicable) | L51: 1
A52: Calculation of hours | B52: HOURS | C52: Calculation of hours | D52: HOURS | E52: Calculation of hours | F52: HOURS | G52: Calculation of hours | H52: HOURS | I52: Calculation of hours | J52: HOURS | K52: Calculation of hours | L52: HOURS
A53: Number of lectures | B53: =(B47*B48)+B50 -> 0 | C53: Number of lectures | D53: =(D47*D48)+D50 -> 0 | E53: Number of lectures | F53: =(F47*F48)+F50 -> 0 | G53: Number of lectures | H53: =(H47*H48)+H50 -> 0 | I53: Number of lectures | J53: =(J47*J48)+J50 -> 0 | K53: Number of lectures | L53: =(L47*L48)+L50 -> 0
A54: Preparation (contact and distance lecturer) | B54: =(B47*B48)+B50 -> 0 | C54: Preparation (contact and distance lecturer) | D54: =(D47*D48)+D50 -> 0 | E54: Preparation (contact and distance lecturer) | F54: =(F47*F48)+F50 -> 0 | G54: Preparation (contact and distance lecturer) | H54: =(H47*H48)+H50 -> 0 | I54: Preparation (contact and distance lecturer) | J54: =((J47*J48)+J50)*1.5 -> 0 | K54: Preparation (contact and distance lecturer) | L54: =((L47*L48)+L50)*2 -> 0
A55: Support to students | B55: =(((B46*0.08)*(B48/10))+(B49*0.16))/B51 -> 0 | C55: Support to students | D55: =(((D46*0.08)*(D48/10))+(D49*0.16))/D51 -> 0 | E55: Support to students | F55: =(((F46*0.08)*(F48/10))+(F49*0.16))/F51 -> 0 | G55: Support to students | H55: =((H46*0.08)+(H49*0.16))/H51 -> 0 | I55: Support to students | J55: =(((J46*0.08)*(J48/10))+(J49*0.16))/J51 -> 0 | K55: Support to students | L55: =(((L46*0.08)*(L48/10))+(L49*0.16))/L51 -> 0
A56: Exam question papers + memos (12—16 hours per question paper divided by Number of lecturers drafting paper) ONE LANGUAGE … question papers @ … hours per question paper | B56: 0 | C56: Exam question papers + memos (12—16 hours per question paper divided by Number of lecturers drafting paper) ONE LANGUAGE … question papers @ … hours per question paper | D56: 0 | E56: Exam question papers + memos (12—16 hours per question paper divided by Number of lecturers drafting paper) ONE LANGUAGE … question papers @ … hours per question paper | F56: 0 | G56: Exam question papers + memos (12—16 hours per question paper divided by Number of lecturers drafting paper) ONE LANGUAGE … question papers @ … hours per question paper | H56: 0 | I56: Exam question papers + memos (12—16 hours per question paper divided by Number of lecturers drafting paper) ONE LANGUAGE … question papers @ … hours per question paper | J56: 0 | K56: Exam question papers + memos (12—16 hours per question paper divided by Number of lecturers drafting paper) ONE LANGUAGE … question papers @ … hours per question paper | L56: 0
A57: Exam question papers + memos (2—5 hours per question paper divided by Number of lecturers drafting paper) TRANSLATION … question papers @ … hours per question paper | B57: 0 | C57: Exam question papers + memos (2—5 hours per question paper divided by Number of lecturers drafting paper) TRANSLATION … question papers @ … hours per question paper | D57: 0 | E57: Exam question papers + memos (2—5 hours per question paper divided by Number of lecturers drafting paper) TRANSLATION … question papers @ … hours per question paper | F57: 0 | G57: Exam question papers + memos (2—5 hours per question paper divided by Number of lecturers drafting paper) TRANSLATION … question papers @ … hours per question paper | H57: 0 | I57: Exam question papers + memos (2—5 hours per question paper divided by Number of lecturers drafting paper) TRANSLATION … question papers @ … hours per question paper | J57: 0 | K57: Exam question papers + memos (2—5 hours per question paper divided by Number of lecturers drafting paper) TRANSLATION … question papers @ … hours per question paper | L57: 0
A58: Assessment (ONLY CONTACT) | B58: =(B46*(B48/10))/B51 -> 0 | C58: Assessment (ONLY CONTACT) | D58: =(D46*(D48/10))/D51 -> 0 | E58: Assessment (ONLY CONTACT) | F58: =(F46*(F48/10))/F51 -> 0 | G58: Assessment (ONLY CONTACT) | H58: =(H46*(H48/10))/H51 -> 0 | I58: Assessment (ONLY CONTACT) | J58: =(J46*(J48/10))/J51 -> 0 | K58: Assessment (ONLY CONTACT) | L58: =(L46*(L48/10))/L51 -> 0
A59: Assessment (additional) Reasons: | B59: 0 | C59: Assessment (additional) Reasons: | D59: 0 | E59: Assessment (additional) Reasons: | F59: 0 | G59: Assessment (additional) Reasons: | H59: 0 | I59: Assessment (additional) Reasons: | J59: 0 | K59: Assessment (additional) Reasons: | L59: 0
A60: Practicals for Natural Science, Physical Science, Life Science & Geography (@ 0,5 hours per student divided by Number of lecturers presenting practical) (Number of contact students + number of distance students) /2 | B60: 0 | C60: Practicals for Natural Science, Physical Science, Life Science & Geography (@ 0,5 hours per student divided by Number of lecturers presenting practical) (Number of contact students + number of distance students) /2 | D60: 0 | E60: Practicals for Natural Science, Physical Science, Life Science & Geography (@ 0,5 hours per student divided by Number of lecturers presenting practical) (Number of contact students + number of distance students) /2 | F60: 0 | G60: Practicals for Natural Science, Physical Science, Life Science & Geography (@ 0,5 hours per student divided by Number of lecturers presenting practical) (Number of contact students + number of distance students) /2 | H60: 0 | I60: Practicals for Natural Science, Physical Science, Life Science & Geography (@ 0,5 hours per student divided by Number of lecturers presenting practical) (Number of contact students + number of distance students) /2 | J60: 0 | K60: Practicals for Natural Science, Physical Science, Life Science & Geography (@ 0,5 hours per student divided by Number of lecturers presenting practical) (Number of contact students + number of distance students) /2 | L60: 0
A61: Teaching administration | B61: =(B48+B50)/B51 -> 0 | C61: Teaching administration | D61: =(D48+D50)/D51 -> 0 | E61: Teaching administration | F61: =(F48+F50)/F51 -> 0 | G61: Teaching administration | H61: =(H48+H50)/H51 -> 0 | I61: Teaching administration | J61: =(J48+J50)/J51 -> 0 | K61: Teaching administration | L61: =(L48+L50)/L51 -> 0
A62: Total | B62: =SUM(B53:B61) -> 0 | C62: Total | D62: =SUM(D53:D61) -> 0 | E62: Total | F62: =SUM(F53:F61) -> 0 | G62: Total | H62: =SUM(H53:H61) -> 0 | I62: Total | J62: =SUM(J53:J61) -> 0 | K62: Total | L62: =SUM(L53:L61) -> 0
A63: * Assessment (distance) is included under marking quota on task time form | C63: * Assessment (distance) is included under marking quota on task time form | E63: * Assessment (distance) is included under marking quota on task time form | G63: * Assessment (distance) is included under marking quota on task time form | I63: * Assessment (distance) is included under marking quota on task time form | K63: * Assessment (distance) is included under marking quota on task time form
A64: Year level adjustment (none) | B64: =B62 -> 0 | C64: Year level adjustment | D64: =D62*1.05 -> 0 | E64: Year level adjustment | F64: =F62*1.1 -> 0 | G64: Year level adjustment | H64: =H62*1.15 -> 0 | I64: Year level adjustment | J64: =J62*1.2 -> 0 | K64: Year level adjustment | L64: =L62*1.25 -> 0
A66: MODULE CODE | C66: MODULE CODE | E66: MODULE CODE | G66: MODULE CODE | I66: MODULE CODE | K66: MODULE CODE
A67: Number of students CONTACT (a) | B67: 0 | C67: Number of students CONTACT (a) | D67: 0 | E67: Number of students CONTACT (a) | F67: 0 | G67: Number of students CONTACT (a) | H67: 0 | I67: Number of students CONTACT (a) | J67: 0 | K67: Number of students CONTACT (a) | L67: 0
A68: Number of lectures per week CONTACT that you present (b) | B68: 0 | C68: Number of lectures per week CONTACT that you present (b) | D68: 0 | E68: Number of lectures per week CONTACT that you present (b) | F68: 0 | G68: Number of lectures per week CONTACT that you present (b) | H68: 0 | I68: Number of lectures per week CONTACT that you present (b) | J68: 0 | K68: Number of lectures per week CONTACT that you present (b) | L68: 0
A69: Number of weeks CONTACT that you present lectures (c) | B69: 0 | C69: Number of weeks CONTACT that you present lectures (c) | D69: 0 | E69: Number of weeks CONTACT that you present lectures (c) | F69: 0 | G69: Number of weeks CONTACT that you present lectures (c) | H69: 0 | I69: Number of weeks CONTACT that you present lectures (c) | J69: 0 | K69: Number of weeks CONTACT that you present lectures (c) | L69: 0
A70: Number of students DISTANCE (d) | B70: 0 | C70: Number of students DISTANCE (d) | D70: 0 | E70: Number of students DISTANCE (d) | F70: 0 | G70: Number of students DISTANCE (d) | H70: 0 | I70: Number of students DISTANCE (d) | J70: 0 | K70: Number of students DISTANCE (d) | L70: 0
A71: Total number of hours contact sessions DISTANCE (e) | B71: 0 | C71: Total number of hours contact sessions DISTANCE (e) | D71: 0 | E71: Total number of hours contact sessions DISTANCE (e) | F71: 0 | G71: Total number of hours contact sessions DISTANCE (e) | H71: 0 | I71: Total number of hours contact sessions DISTANCE (e) | J71: 0 | K71: Total number of hours contact sessions DISTANCE (e) | L71: 0
A72: Number of lecturers presenting (shared) module on same campus during the same 'weeks CONTACT' indicated (change to 2 or 3 if applicable) | B72: 1 | C72: Number of lecturers presenting (shared) module on same campus during the same 'weeks CONTACT' indicated (change to 2 or 3 if applicable) | D72: 1 | E72: Number of lecturers presenting (shared) module on same campus during the same 'weeks CONTACT' indicated (change to 2 or 3 if applicable) | F72: 1 | G72: Number of lecturers presenting (shared) module on same campus during the same 'weeks CONTACT' indicated (change to 2 or 3 if applicable) | H72: 1 | I72: Number of lecturers presenting (shared) module on same campus during the same 'weeks CONTACT' indicated (change to 2 or 3 if applicable) | J72: 1 | K72: Number of lecturers presenting (shared) module on same campus during the same 'weeks CONTACT' indicated (change to 2 or 3 if applicable) | L72: 1
A73: Calculation of hours | B73: HOURS | C73: Calculation of hours | D73: HOURS | E73: Calculation of hours | F73: HOURS | G73: Calculation of hours | H73: HOURS | I73: Calculation of hours | J73: HOURS | K73: Calculation of hours | L73: HOURS
A74: Number of lectures | B74: =(B68*B69)+B71 -> 0 | C74: Number of lectures | D74: =(D68*D69)+D71 -> 0 | E74: Number of lectures | F74: =(F68*F69)+F71 -> 0 | G74: Number of lectures | H74: =(H68*H69)+H71 -> 0 | I74: Number of lectures | J74: =(J68*J69)+J71 -> 0 | K74: Number of lectures | L74: =(L68*L69)+L71 -> 0
A75: Preparation (contact and distance lecturer) | B75: =(B68*B69)+B71 -> 0 | C75: Preparation (contact and distance lecturer) | D75: =(D68*D69)+D71 -> 0 | E75: Preparation (contact and distance lecturer) | F75: =(F68*F69)+F71 -> 0 | G75: Preparation (contact and distance lecturer) | H75: =(H68*H69)+H71 -> 0 | I75: Preparation (contact and distance lecturer) | J75: =((J68*J69)+J71)*1.5 -> 0 | K75: Preparation (contact and distance lecturer) | L75: =((L68*L69)+L71)*2 -> 0
A76: Support to students | B76: =(((B67*0.08)*(B69/10))+(B70*0.16))/B72 -> 0 | C76: Support to students | D76: =(((D67*0.08)*(D69/10))+(D70*0.16))/D72 -> 0 | E76: Support to students | F76: =(((F67*0.08)*(F69/10))+(F70*0.16))/F72 -> 0 | G76: Support to students | H76: =((H67*0.08)+(H70*0.16))/H72 -> 0 | I76: Support to students | J76: =(((J67*0.08)*(J69/10))+(J70*0.16))/J72 -> 0 | K76: Support to students | L76: =(((L67*0.08)*(L69/10))+(L70*0.16))/L72 -> 0
A77: Exam question papers + memos (12—16 hours per question paper divided by Number of lecturers drafting paper) ONE LANGUAGE … question papers @ … hours per question paper | B77: 0 | C77: Exam question papers + memos (12—16 hours per question paper divided by Number of lecturers drafting paper) ONE LANGUAGE … question papers @ … hours per question paper | D77: 0 | E77: Exam question papers + memos (12—16 hours per question paper divided by Number of lecturers drafting paper) ONE LANGUAGE … question papers @ … hours per question paper | F77: 0 | G77: Exam question papers + memos (12—16 hours per question paper divided by Number of lecturers drafting paper) ONE LANGUAGE … question papers @ … hours per question paper | H77: 0 | I77: Exam question papers + memos (12—16 hours per question paper divided by Number of lecturers drafting paper) ONE LANGUAGE … question papers @ … hours per question paper | J77: 0 | K77: Exam question papers + memos (12—16 hours per question paper divided by Number of lecturers drafting paper) ONE LANGUAGE … question papers @ … hours per question paper | L77: 0
A78: Exam question papers + memos (2—5 hours per question paper divided by Number of lecturers drafting paper) TRANSLATION … question papers @ … hours per question paper | B78: 0 | C78: Exam question papers + memos (2—5 hours per question paper divided by Number of lecturers drafting paper) TRANSLATION … question papers @ … hours per question paper | D78: 0 | E78: Exam question papers + memos (2—5 hours per question paper divided by Number of lecturers drafting paper) TRANSLATION … question papers @ … hours per question paper | F78: 0 | G78: Exam question papers + memos (2—5 hours per question paper divided by Number of lecturers drafting paper) TRANSLATION … question papers @ … hours per question paper | H78: 0 | I78: Exam question papers + memos (2—5 hours per question paper divided by Number of lecturers drafting paper) TRANSLATION … question papers @ … hours per question paper | J78: 0 | K78: Exam question papers + memos (2—5 hours per question paper divided by Number of lecturers drafting paper) TRANSLATION … question papers @ … hours per question paper | L78: 0
A79: Assessment (ONLY CONTACT) | B79: =(B67*(B69/10))/B72 -> 0 | C79: Assessment (ONLY CONTACT) | D79: =(D67*(D69/10))/D72 -> 0 | E79: Assessment (ONLY CONTACT) | F79: =(F67*(F69/10))/F72 -> 0 | G79: Assessment (ONLY CONTACT) | H79: =(H67*(H69/10))/H72 -> 0 | I79: Assessment (ONLY CONTACT) | J79: =(J67*(J69/10))/J72 -> 0 | K79: Assessment (ONLY CONTACT) | L79: =(L67*(L69/10))/L72 -> 0
A80: Assessment (additional) Reasons: | B80: 0 | C80: Assessment (additional) Reasons: | D80: 0 | E80: Assessment (additional) Reasons: | F80: 0 | G80: Assessment (additional) Reasons: | H80: 0 | I80: Assessment (additional) Reasons: | J80: 0 | K80: Assessment (additional) Reasons: | L80: 0
A81: Practicals for Natural Science, Physical Science, Life Science & Geography (@ 0,5 hours per student divided by Number of lecturers presenting practical) (Number of contact students + number of distance students) /2 | B81: 0 | C81: Practicals for Natural Science, Physical Science, Life Science & Geography (@ 0,5 hours per student divided by Number of lecturers presenting practical) (Number of contact students + number of distance students) /2 | D81: 0 | E81: Practicals for Natural Science, Physical Science, Life Science & Geography (@ 0,5 hours per student divided by Number of lecturers presenting practical) (Number of contact students + number of distance students) /2 | F81: 0 | G81: Practicals for Natural Science, Physical Science, Life Science & Geography (@ 0,5 hours per student divided by Number of lecturers presenting practical) (Number of contact students + number of distance students) /2 | H81: 0 | I81: Practicals for Natural Science, Physical Science, Life Science & Geography (@ 0,5 hours per student divided by Number of lecturers presenting practical) (Number of contact students + number of distance students) /2 | J81: 0 | K81: Practicals for Natural Science, Physical Science, Life Science & Geography (@ 0,5 hours per student divided by Number of lecturers presenting practical) (Number of contact students + number of distance students) /2 | L81: 0
A82: Teaching administration | B82: =(B69+B71)/B72 -> 0 | C82: Teaching administration | D82: =(D69+D71)/D72 -> 0 | E82: Teaching administration | F82: =(F69+F71)/F72 -> 0 | G82: Teaching administration | H82: =(H69+H71)/H72 -> 0 | I82: Teaching administration | J82: =(J69+J71)/J72 -> 0 | K82: Teaching administration | L82: =(L69+L71)/L72 -> 0
A83: Total | B83: =SUM(B74:B82) -> 0 | C83: Total | D83: =SUM(D74:D82) -> 0 | E83: Total | F83: =SUM(F74:F82) -> 0 | G83: Total | H83: =SUM(H74:H82) -> 0 | I83: Total | J83: =SUM(J74:J82) -> 0 | K83: Total | L83: =SUM(L74:L82) -> 0
A84: * Assessment (distance) is included under marking quota on task time form | C84: * Assessment (distance) is included under marking quota on task time form | E84: * Assessment (distance) is included under marking quota on task time form | G84: * Assessment (distance) is included under marking quota on task time form | I84: * Assessment (distance) is included under marking quota on task time form | K84: * Assessment (distance) is included under marking quota on task time form
A85: Year level adjustment (none) | B85: =B83 -> 0 | C85: Year level adjustment | D85: =D83*1.05 -> 0 | E85: Year level adjustment | F85: =F83*1.1 -> 0 | G85: Year level adjustment | H85: =H83*1.15 -> 0 | I85: Year level adjustment | J85: =J83*1.2 -> 0 | K85: Year level adjustment | L85: =L83*1.25 -> 0
A87: MODULE CODE | C87: MODULE CODE | E87: MODULE CODE | G87: MODULE CODE | I87: MODULE CODE | K87: MODULE CODE
A88: Number of students CONTACT (a) | B88: 0 | C88: Number of students CONTACT (a) | D88: 0 | E88: Number of students CONTACT (a) | F88: 0 | G88: Number of students CONTACT (a) | H88: 0 | I88: Number of students CONTACT (a) | J88: 0 | K88: Number of students CONTACT (a) | L88: 0
A89: Number of lectures per week CONTACT that you present (b) | B89: 0 | C89: Number of lectures per week CONTACT that you present (b) | D89: 0 | E89: Number of lectures per week CONTACT that you present (b) | F89: 0 | G89: Number of lectures per week CONTACT that you present (b) | H89: 0 | I89: Number of lectures per week CONTACT that you present (b) | J89: 0 | K89: Number of lectures per week CONTACT that you present (b) | L89: 0
A90: Number of weeks CONTACT that you present lectures (c) | B90: 0 | C90: Number of weeks CONTACT that you present lectures (c) | D90: 0 | E90: Number of weeks CONTACT that you present lectures (c) | F90: 0 | G90: Number of weeks CONTACT that you present lectures (c) | H90: 0 | I90: Number of weeks CONTACT that you present lectures (c) | J90: 0 | K90: Number of weeks CONTACT that you present lectures (c) | L90: 0
A91: Number of students DISTANCE (d) | B91: 0 | C91: Number of students DISTANCE (d) | D91: 0 | E91: Number of students DISTANCE (d) | F91: 0 | G91: Number of students DISTANCE (d) | H91: 0 | I91: Number of students DISTANCE (d) | J91: 0 | K91: Number of students DISTANCE (d) | L91: 0
A92: Total number of hours contact sessions DISTANCE (e) | B92: 0 | C92: Total number of hours contact sessions DISTANCE (e) | D92: 0 | E92: Total number of hours contact sessions DISTANCE (e) | F92: 0 | G92: Total number of hours contact sessions DISTANCE (e) | H92: 0 | I92: Total number of hours contact sessions DISTANCE (e) | J92: 0 | K92: Total number of hours contact sessions DISTANCE (e) | L92: 0
A93: Number of lecturers presenting (shared) module on same campus during the same 'weeks CONTACT' indicated (change to 2 or 3 if applicable) | B93: 1 | C93: Number of lecturers presenting (shared) module on same campus during the same 'weeks CONTACT' indicated (change to 2 or 3 if applicable) | D93: 1 | E93: Number of lecturers presenting (shared) module on same campus during the same 'weeks CONTACT' indicated (change to 2 or 3 if applicable) | F93: 1 | G93: Number of lecturers presenting (shared) module on same campus during the same 'weeks CONTACT' indicated (change to 2 or 3 if applicable) | H93: 1 | I93: Number of lecturers presenting (shared) module on same campus during the same 'weeks CONTACT' indicated (change to 2 or 3 if applicable) | J93: 1 | K93: Number of lecturers presenting (shared) module on same campus during the same 'weeks CONTACT' indicated (change to 2 or 3 if applicable) | L93: 1
A94: Calculation of hours | B94: HOURS | C94: Calculation of hours | D94: HOURS | E94: Calculation of hours | F94: HOURS | G94: Calculation of hours | H94: HOURS | I94: Calculation of hours | J94: HOURS | K94: Calculation of hours | L94: HOURS
A95: Number of lectures | B95: =(B89*B90)+B92 -> 0 | C95: Number of lectures | D95: =(D89*D90)+D92 -> 0 | E95: Number of lectures | F95: =(F89*F90)+F92 -> 0 | G95: Number of lectures | H95: =(H89*H90)+H92 -> 0 | I95: Number of lectures | J95: =(J89*J90)+J92 -> 0 | K95: Number of lectures | L95: =(L89*L90)+L92 -> 0
A96: Preparation (contact and distance lecturer) | B96: =(B89*B90)+B92 -> 0 | C96: Preparation (contact and distance lecturer) | D96: =(D89*D90)+D92 -> 0 | E96: Preparation (contact and distance lecturer) | F96: =(F89*F90)+F92 -> 0 | G96: Preparation (contact and distance lecturer) | H96: =(H89*H90)+H92 -> 0 | I96: Preparation (contact and distance lecturer) | J96: =((J89*J90)+J92)*1.5 -> 0 | K96: Preparation (contact and distance lecturer) | L96: =((L89*L90)+L92)*2 -> 0
A97: Support to students | B97: =(((B88*0.08)*(B90/10))+(B91*0.16))/B93 -> 0 | C97: Support to students | D97: =(((D88*0.08)*(D90/10))+(D91*0.16))/D93 -> 0 | E97: Support to students | F97: =(((F88*0.08)*(F90/10))+(F91*0.16))/F93 -> 0 | G97: Support to students | H97: =((H88*0.08)+(H91*0.16))/H93 -> 0 | I97: Support to students | J97: =(((J88*0.08)*(J90/10))+(J91*0.16))/J93 -> 0 | K97: Support to students | L97: =(((L88*0.08)*(L90/10))+(L91*0.16))/L93 -> 0
A98: Exam question papers + memos (12—16 hours per question paper divided by Number of lecturers drafting paper) ONE LANGUAGE … question papers @ … hours per question paper | B98: 0 | C98: Exam question papers + memos (12—16 hours per question paper divided by Number of lecturers drafting paper) ONE LANGUAGE … question papers @ … hours per question paper | D98: 0 | E98: Exam question papers + memos (12—16 hours per question paper divided by Number of lecturers drafting paper) ONE LANGUAGE … question papers @ … hours per question paper | F98: 0 | G98: Exam question papers + memos (12—16 hours per question paper divided by Number of lecturers drafting paper) ONE LANGUAGE … question papers @ … hours per question paper | H98: 0 | I98: Exam question papers + memos (12—16 hours per question paper divided by Number of lecturers drafting paper) ONE LANGUAGE … question papers @ … hours per question paper | J98: 0 | K98: Exam question papers + memos (12—16 hours per question paper divided by Number of lecturers drafting paper) ONE LANGUAGE … question papers @ … hours per question paper | L98: 0
A99: Exam question papers + memos (2—5 hours per question paper divided by Number of lecturers drafting paper) TRANSLATION … question papers @ … hours per question paper | B99: 0 | C99: Exam question papers + memos (2—5 hours per question paper divided by Number of lecturers drafting paper) TRANSLATION … question papers @ … hours per question paper | D99: 0 | E99: Exam question papers + memos (2—5 hours per question paper divided by Number of lecturers drafting paper) TRANSLATION … question papers @ … hours per question paper | F99: 0 | G99: Exam question papers + memos (2—5 hours per question paper divided by Number of lecturers drafting paper) TRANSLATION … question papers @ … hours per question paper | H99: 0 | I99: Exam question papers + memos (2—5 hours per question paper divided by Number of lecturers drafting paper) TRANSLATION … question papers @ … hours per question paper | J99: 0 | K99: Exam question papers + memos (2—5 hours per question paper divided by Number of lecturers drafting paper) TRANSLATION … question papers @ … hours per question paper | L99: 0
A100: Assessment (ONLY CONTACT) | B100: =(B88*(B90/10))/B93 -> 0 | C100: Assessment (ONLY CONTACT) | D100: =(D88*(D90/10))/D93 -> 0 | E100: Assessment (ONLY CONTACT) | F100: =(F88*(F90/10))/F93 -> 0 | G100: Assessment (ONLY CONTACT) | H100: =(H88*(H90/10))/H93 -> 0 | I100: Assessment (ONLY CONTACT) | J100: =(J88*(J90/10))/J93 -> 0 | K100: Assessment (ONLY CONTACT) | L100: =(L88*(L90/10))/L93 -> 0
A101: Assessment (additional) Reasons: | B101: 0 | C101: Assessment (additional) Reasons: | D101: 0 | E101: Assessment (additional) Reasons: | F101: 0 | G101: Assessment (additional) Reasons: | H101: 0 | I101: Assessment (additional) Reasons: | J101: 0 | K101: Assessment (additional) Reasons: | L101: 0
A102: Practicals for Natural Science, Physical Science, Life Science & Geography (@ 0,5 hours per student divided by Number of lecturers presenting practical) (Number of contact students + number of distance students) /2 | B102: 0 | C102: Practicals for Natural Science, Physical Science, Life Science & Geography (@ 0,5 hours per student divided by Number of lecturers presenting practical) (Number of contact students + number of distance students) /2 | D102: 0 | E102: Practicals for Natural Science, Physical Science, Life Science & Geography (@ 0,5 hours per student divided by Number of lecturers presenting practical) (Number of contact students + number of distance students) /2 | F102: 0 | G102: Practicals for Natural Science, Physical Science, Life Science & Geography (@ 0,5 hours per student divided by Number of lecturers presenting practical) (Number of contact students + number of distance students) /2 | H102: 0 | I102: Practicals for Natural Science, Physical Science, Life Science & Geography (@ 0,5 hours per student divided by Number of lecturers presenting practical) (Number of contact students + number of distance students) /2 | J102: 0 | K102: Practicals for Natural Science, Physical Science, Life Science & Geography (@ 0,5 hours per student divided by Number of lecturers presenting practical) (Number of contact students + number of distance students) /2 | L102: 0
A103: Teaching administration | B103: =(B90+B92)/B93 -> 0 | C103: Teaching administration | D103: =(D90+D92)/D93 -> 0 | E103: Teaching administration | F103: =(F90+F92)/F93 -> 0 | G103: Teaching administration | H103: =(H90+H92)/H93 -> 0 | I103: Teaching administration | J103: =(J90+J92)/J93 -> 0 | K103: Teaching administration | L103: =(L90+L92)/L93 -> 0
A104: Total | B104: =SUM(B95:B103) -> 0 | C104: Total | D104: =SUM(D95:D103) -> 0 | E104: Total | F104: =SUM(F95:F103) -> 0 | G104: Total | H104: =SUM(H95:H103) -> 0 | I104: Total | J104: =SUM(J95:J103) -> 0 | K104: Total | L104: =SUM(L95:L103) -> 0
...

Sheet DO NOT COMPLETE - HEMIS
A1: Hemis: | B1: ='Task Agreement Form'!$B$4 -> Byron Bunt | E1: ='Task Agreement Form'!D4 -> 20172672 | G1: 2025
A2: Faculty of Education | E2: ='Task Agreement Form'!$D$7 -> SCSSE
A3: Position: | D3: ='Task Agreement Form'!$B$5 -> Associate Professor
A4: Qualification: | C4: ='Task Agreement Form'!$B$6 -> PhD
A5: Race: | B5: ='Task Agreement Form'!$D$5 -> White | D5: Geslag: | E5: ='Task Agreement Form'!$D$6 -> Male
A7: Teaching and Learning | G7: Number of modules
B8: Module code | E8: Number of students | F8: % Time | H8: Total % time
B9: ='Task Agreement Form'!$B123 -> 0 | E9: ='Task Agreement Form'!C123 -> 0 | F9: ='Task Agreement Form'!$E123 -> 0 | H9: =IF(F9>0,F9+($F$148/$G$8),F9) -> 0
B10: ='Task Agreement Form'!$B124 -> 0 | E10: ='Task Agreement Form'!C124 -> 0 | F10: ='Task Agreement Form'!$E124 -> 0 | H10: =IF(F10>0,F10+($F$148/$G$8),F10) -> 0
B11: ='Task Agreement Form'!$B125 -> 0 | E11: ='Task Agreement Form'!C125 -> 0 | F11: ='Task Agreement Form'!$E125 -> 0 | H11: =IF(F11>0,F11+($F$148/$G$8),F11) -> 0
B12: ='Task Agreement Form'!$B126 -> 0 | E12: ='Task Agreement Form'!C126 -> 0 | F12: ='Task Agreement Form'!$E126 -> 0 | H12: =IF(F12>0,F12+($F$148/$G$8),F12) -> 0
B13: ='Task Agreement Form'!$B127 -> 0 | E13: ='Task Agreement Form'!C127 -> 0 | F13: ='Task Agreement Form'!$E127 -> 0 | H13: =IF(F13>0,F13+($F$148/$G$8),F13) -> 0
B14: ='Task Agreement Form'!$B128 -> 0 | E14: ='Task Agreement Form'!C128 -> 0 | F14: ='Task Agreement Form'!$E128 -> 0 | H14: =IF(F14>0,F14+($F$148/$G$8),F14) -> 0
B15: ='Task Agreement Form'!$B129 -> 0 | E15: ='Task Agreement Form'!C129 -> 0 | F15: ='Task Agreement Form'!$E129 -> 0 | H15: =IF(F15>0,F15+($F$148/$G$8),F15) -> 0
B16: ='Task Agreement Form'!$B130 -> 0 | E16: ='Task Agreement Form'!C130 -> 0 | F16: ='Task Agreement Form'!$E130 -> 0 | H16: =IF(F16>0,F16+($F$148/$G$8),F16) -> 0
B17: ='Task Agreement Form'!$B131 -> 0 | E17: ='Task Agreement Form'!C131 -> 0 | F17: ='Task Agreement Form'!$E131 -> 0 | H17: =IF(F17>0,F17+($F$148/$G$8),F17) -> 0
B18: ='Task Agreement Form'!$B132 -> 0 | E18: ='Task Agreement Form'!C132 -> 0 | F18: ='Task Agreement Form'!$E132 -> 0 | H18: =IF(F18>0,F18+($F$148/$G$8),F18) -> 0
B19: ='Task Agreement Form'!$B133 -> 0 | E19: ='Task Agreement Form'!C133 -> 0 | F19: ='Task Agreement Form'!$E133 -> 0 | H19: =IF(F19>0,F19+($F$148/$G$8),F19) -> 0
B20: ='Task Agreement Form'!$B134 -> 0 | E20: ='Task Agreement Form'!C134 -> 0 | F20: ='Task Agreement Form'!$E134 -> 0 | H20: =IF(F20>0,F20+($F$148/$G$8),F20) -> 0
... B48: ='Task Agreement Form'!$B162 -> 0 | E48: ='Task Agreement Form'!C162 -> 0 | F48: ='Task Agreement Form'!$E162 -> 0 | H48: =IF(F48>0,F48+($F$148/$G$8),F48) -> 0
B49: ='Task Agreement Form'!$B164 -> 0 | E49: ='Task Agreement Form'!C164 -> 0 | F49: ='Task Agreement Form'!$E164 -> 0 | H49: =IF(F49>0,F49+($F$148/$G$8),F49) -> 0
B50: ='Task Agreement Form'!$B165 -> 0 | E50: ='Task Agreement Form'!C165 -> 0 | F50: ='Task Agreement Form'!$E165 -> 0 | H50: =IF(F50>0,F50+($F$148/$G$8),F50) -> 0
B51: ='Task Agreement Form'!$B166 -> 0 | E51: ='Task Agreement Form'!C166 -> 0 | F51: ='Task Agreement Form'!$E166 -> 0 | H51: =IF(F51>0,F51+($F$148/$G$8),F51) -> 0
B52: ='Task Agreement Form'!$B167 -> 0 | E52: ='Task Agreement Form'!C167 -> 0 | F52: ='Task Agreement Form'!$E167 -> 0 | H52: =IF(F52>0,F52+($F$148/$G$8),F52) -> 0
B53: ='Task Agreement Form'!$B168 -> 0 | E53: ='Task Agreement Form'!C168 -> 0 | F53: ='Task Agreement Form'!$E168 -> 0 | H53: =IF(F53>0,F53+($F$148/$G$8),F53) -> 0
B54: ='Task Agreement Form'!$B169 -> 0 | E54: ='Task Agreement Form'!C169 -> 0 | F54: ='Task Agreement Form'!$E169 -> 0 | H54: =IF(F54>0,F54+($F$148/$G$8),F54) -> 0
B55: ='Task Agreement Form'!$B170 -> 0 | E55: ='Task Agreement Form'!C170 -> 0 | F55: ='Task Agreement Form'!$E170 -> 0 | H55: =IF(F55>0,F55+($F$148/$G$8),F55) -> 0
B56: ='Task Agreement Form'!$B171 -> 0 | E56: ='Task Agreement Form'!C171 -> 0 | F56: ='Task Agreement Form'!$E171 -> 0 | H56: =IF(F56>0,F56+($F$148/$G$8),F56) -> 0
B57: ='Task Agreement Form'!$B172 -> 0 | E57: ='Task Agreement Form'!C172 -> 0 | F57: ='Task Agreement Form'!$E172 -> 0 | H57: =IF(F57>0,F57+($F$148/$G$8),F57) -> 0
B58: ='Task Agreement Form'!$B173 -> 0 | E58: ='Task Agreement Form'!C173 -> 0 | F58: ='Task Agreement Form'!$E173 -> 0 | H58: =IF(F58>0,F58+($F$148/$G$8),F58) -> 0
B59: ='Task Agreement Form'!$B174 -> 0 | E59: ='Task Agreement Form'!C174 -> 0 | F59: ='Task Agreement Form'!$E174 -> 0 | H59: =IF(F59>0,F59+($F$148/$G$8),F59) -> 0
B60: ='Task Agreement Form'!$B175 -> 0 | E60: ='Task Agreement Form'!C175 -> 0 | F60: ='Task Agreement Form'!$E175 -> 0 | H60: =IF(F60>0,F60+($F$148/$G$8),F60) -> 0
... B62: ='Task Agreement Form'!$B177 -> 0 | E62: ='Task Agreement Form'!C177 -> 0 | F62: ='Task Agreement Form'!$E177 -> 0 | H62: =IF(F62>0,F62+($F$148/$G$8),F62) -> 0
B63: ='Task Agreement Form'!$B179 -> 0 | E63: ='Task Agreement Form'!C179 -> 0 | F63: ='Task Agreement Form'!$E179 -> 0 | H63: =IF(F63>0,F63+($F$148/$G$8),F63) -> 0
B64: ='Task Agreement Form'!$B180 -> 0 | E64: ='Task Agreement Form'!C180 -> 0 | F64: ='Task Agreement Form'!$E180 -> 0 | H64: =IF(F64>0,F64+($F$148/$G$8),F64) -> 0
B65: ='Task Agreement Form'!$B181 -> 0 | E65: ='Task Agreement Form'!C181 -> 0 | F65: ='Task Agreement Form'!$E181 -> 0 | H65: =IF(F65>0,F65+($F$148/$G$8),F65) -> 0
B66: ='Task Agreement Form'!$B182 -> 0 | E66: ='Task Agreement Form'!C182 -> 0 | F66: ='Task Agreement Form'!$E182 -> 0 | H66: =IF(F66>0,F66+($F$148/$G$8),F66) -> 0
B67: ='Task Agreement Form'!$B183 -> 0 | E67: ='Task Agreement Form'!C183 -> 0 | F67: ='Task Agreement Form'!$E183 -> 0 | H67: =IF(F67>0,F67+($F$148/$G$8),F67) -> 0
B68: ='Task Agreement Form'!$B184 -> 0 | E68: ='Task Agreement Form'!C184 -> 0 | F68: ='Task Agreement Form'!$E184 -> 0 | H68: =IF(F68>0,F68+($F$148/$G$8),F68) -> 0
B69: ='Task Agreement Form'!$B185 -> 0 | E69: ='Task Agreement Form'!C185 -> 0 | F69: ='Task Agreement Form'!$E185 -> 0 | H69: =IF(F69>0,F69+($F$148/$G$8),F69) -> 0
B70: ='Task Agreement Form'!$B186 -> 0 | E70: ='Task Agreement Form'!C186 -> 0 | F70: ='Task Agreement Form'!$E186 -> 0 | H70: =IF(F70>0,F70+($F$148/$G$8),F70) -> 0
B71: ='Task Agreement Form'!$B188 -> 0 | E71: ='Task Agreement Form'!C188 -> 0 | F71: ='Task Agreement Form'!$E188 -> 0 | H71: =IF(F71>0,F71+($F$148/$G$8),F71) -> 0
B72: ='Task Agreement Form'!$B189 -> 0 | E72: ='Task Agreement Form'!C189 -> 0 | F72: ='Task Agreement Form'!$E189 -> 0 | H72: =IF(F72>0,F72+($F$148/$G$8),F72) -> 0
B73: ='Task Agreement Form'!$B190 -> 0 | E73: ='Task Agreement Form'!C190 -> 0 | F73: ='Task Agreement Form'!$E190 -> 0 | H73: =IF(F73>0,F73+($F$148/$G$8),F73) -> 0
B74: ='Task Agreement Form'!$B191 -> 0 | E74: ='Task Agreement Form'!C191 -> 0 | F74: ='Task Agreement Form'!$E191 -> 0 | H74: =IF(F74>0,F74+($F$148/$G$8),F74) -> 0
B75: ='Task Agreement Form'!$B192 -> 0 | E75: ='Task Agreement Form'!C192 -> 0 | F75: ='Task Agreement Form'!$E192 -> 0 | H75: =IF(F75>0,F75+($F$148/$G$8),F75) -> 0
B76: ='Task Agreement Form'!$B193 -> 0 | E76: ='Task Agreement Form'!C193 -> 0 | F76: ='Task Agreement Form'!$E193 -> 0 | H76: =IF(F76>0,F76+($F$148/$G$8),F76) -> 0
B77: ='Task Agreement Form'!$B194 -> 0 | E77: ='Task Agreement Form'!C194 -> 0 | F77: ='Task Agreement Form'!$E194 -> 0 | H77: =IF(F77>0,F77+($F$148/$G$8),F77) -> 0
B78: ='Task Agreement Form'!$B195 -> 0 | E78: ='Task Agreement Form'!C195 -> 0 | F78: ='Task Agreement Form'!$E195 -> 0 | H78: =IF(F78>0,F78+($F$148/$G$8),F78) -> 0
B79: ='Task Agreement Form'!$B196 -> 0 | E79: ='Task Agreement Form'!C196 -> 0 | F79: ='Task Agreement Form'!$E196 -> 0 | H79: =IF(F79>0,F79+($F$148/$G$8),F79) -> 0
B80: ='Task Agreement Form'!$B197 -> 0 | E80: ='Task Agreement Form'!C197 -> 0 | F80: ='Task Agreement Form'!$E197 -> 0 | H80: =IF(F80>0,F80+($F$148/$G$8),F80) -> 0
B81: ='Task Agreement Form'!$B198 -> 0 | E81: ='Task Agreement Form'!C198 -> 0 | F81: ='Task Agreement Form'!$E198 -> 0 | H81: =IF(F81>0,F81+($F$148/$G$8),F81) -> 0
B82: ='Task Agreement Form'!$B199 -> 0 | E82: ='Task Agreement Form'!C199 -> 0 | F82: ='Task Agreement Form'!$E199 -> 0 | H82: =IF(F82>0,F82+($F$148/$G$8),F82) -> 0
B83: ='Task Agreement Form'!$B202 -> 0 | E83: ='Task Agreement Form'!C202 -> 0 | F83: ='Task Agreement Form'!$E202 -> 0 | H83: =IF(F83>0,F83+($F$148/$G$8),F83) -> 0
B84: ='Task Agreement Form'!$B203 -> 0 | E84: ='Task Agreement Form'!C203 -> 0 | F84: ='Task Agreement Form'!$E203 -> 0 | H84: =IF(F84>0,F84+($F$148/$G$8),F84) -> 0
B85: ='Task Agreement Form'!$B204 -> 0 | E85: ='Task Agreement Form'!C204 -> 0 | F85: ='Task Agreement Form'!$E204 -> 0 | H85: =IF(F85>0,F85+($F$148/$G$8),F85) -> 0
B86: ='Task Agreement Form'!$B205 -> 0 | E86: ='Task Agreement Form'!C205 -> 0 | F86: ='Task Agreement Form'!$E205 -> 0 | H86: =IF(F86>0,F86+($F$148/$G$8),F86) -> 0
B87: ='Task Agreement Form'!$B206 -> 0 | E87: ='Task Agreement Form'!C206 -> 0 | F87: ='Task Agreement Form'!$E206 -> 0 | H87: =IF(F87>0,F87+($F$148/$G$8),F87) -> 0
B88: ='Task Agreement Form'!$B207 -> 0 | E88: ='Task Agreement Form'!C207 -> 0 | F88: ='Task Agreement Form'!$E207 -> 0 | H88: =IF(F88>0,F88+($F$148/$G$8),F88) -> 0
B89: ='Task Agreement Form'!$B208 -> 0 | E89: ='Task Agreement Form'!C208 -> 0 | F89: ='Task Agreement Form'!$E208 -> 0 | H89: =IF(F89>0,F89+($F$148/$G$8),F89) -> 0
B90: ='Task Agreement Form'!$B209 -> 0 | E90: ='Task Agreement Form'!C209 -> 0 | F90: ='Task Agreement Form'!$E209 -> 0 | H90: =IF(F90>0,F90+($F$148/$G$8),F90) -> 0
B91: ='Task Agreement Form'!$B211 -> TPED 176/177/178 (MC, PC, VC, DL) | E91: ='Task Agreement Form'!C211 -> 0 | F91: ='Task Agreement Form'!$E211 -> 0 | H91: =IF(F91>0,F91+($F$148/$G$8),F91) -> 0
B92: ='Task Agreement Form'!$B212 -> TPED 276/277/278 (MC, PC, VC, DL) | E92: ='Task Agreement Form'!C212 -> 0 | F92: ='Task Agreement Form'!$E212 -> 0 | H92: =IF(F92>0,F92+($F$148/$G$8),F92) -> 0
B93: ='Task Agreement Form'!$B213 -> TPED 376/377/378 (MC, PC, VC, DL) | E93: ='Task Agreement Form'!C213 -> 0 | F93: ='Task Agreement Form'!$E213 -> 0 | H93: =IF(F93>0,F93+($F$148/$G$8),F93) -> 0
B94: ='Task Agreement Form'!$B214 -> TPED 476/477/478 (MC, PC, VC, DL) | E94: ='Task Agreement Form'!C214 -> 0 | F94: ='Task Agreement Form'!$E214 -> 0 | H94: =IF(F94>0,F94+($F$148/$G$8),F94) -> 0
B95: ='Task Agreement Form'!$B215 -> TPED 571 (MC, PC, VC, DL) | E95: ='Task Agreement Form'!C215 -> 0 | F95: ='Task Agreement Form'!$E215 -> 0 | H95: =IF(F95>0,F95+($F$148/$G$8),F95) -> 0
B96: ='Task Agreement Form'!$B217 -> RWIL 111 | E96: ='Task Agreement Form'!C217 -> 0 | F96: ='Task Agreement Form'!$E217 -> 0 | H96: =IF(F96>0,F96+($F$148/$G$8),F96) -> 0
B97: ='Task Agreement Form'!$B218 -> RWIL 121 | E97: ='Task Agreement Form'!C218 -> 0 | F97: ='Task Agreement Form'!$E218 -> 0 | H97: =IF(F97>0,F97+($F$148/$G$8),F97) -> 0
B98: ='Task Agreement Form'!$B219 -> RWIL 211 | E98: ='Task Agreement Form'!C219 -> 0 | F98: ='Task Agreement Form'!$E219 -> 0 | H98: =IF(F98>0,F98+($F$148/$G$8),F98) -> 0
B99: ='Task Agreement Form'!$B220 -> RWIL 221 | E99: ='Task Agreement Form'!C220 -> 0 | F99: ='Task Agreement Form'!$E220 -> 0 | H99: =IF(F99>0,F99+($F$148/$G$8),F99) -> 0
B100: ='Task Agreement Form'!$B221 -> RWIL 311 | E100: ='Task Agreement Form'!C221 -> 0 | F100: ='Task Agreement Form'!$E221 -> 0 | H100: =IF(F100>0,F100+($F$148/$G$8),F100) -> 0
B101: ='Task Agreement Form'!$B222 -> RWIL 321 | E101: ='Task Agreement Form'!C222 -> 0 | F101: ='Task Agreement Form'!$E222 -> 0 | H101: =IF(F101>0,F101+($F$148/$G$8),F101) -> 0
B102: ='Task Agreement Form'!$B223 -> AWIL 521 | E102: ='Task Agreement Form'!C223 -> 0 | F102: ='Task Agreement Form'!$E223 -> 0 | H102: =IF(F102>0,F102+($F$148/$G$8),F102) -> 0
B103: ='Task Agreement Form'!$B224 -> AWIL 522 | E103: ='Task Agreement Form'!C224 -> 0 | F103: ='Task Agreement Form'!$E224 -> 0 | H103: =IF(F103>0,F103+($F$148/$G$8),F103) -> 0
B104: ='Task Agreement Form'!$B225 -> AWIL 523 | E104: ='Task Agreement Form'!C225 -> 0 | F104: ='Task Agreement Form'!$E225 -> 0 | H104: =IF(F104>0,F104+($F$148/$G$8),F104) -> 0
B105: ='Task Agreement Form'!$B226 -> AWIL 524 | E105: ='Task Agreement Form'!C226 -> 0 | F105: ='Task Agreement Form'!$E226 -> 0 | H105: =IF(F105>0,F105+($F$148/$G$8),F105) -> 0
A106: Postgraduate Supervision
B107: ='Task Agreement Form'!$C66 -> 0 | F107: ='Task Agreement Form'!$E66 -> 2.7649897
B108: ='Task Agreement Form'!$C67 -> 0 | F108: ='Task Agreement Form'!$E67 -> 2.7649897
B109: ='Task Agreement Form'!$C68 -> 0 | F109: ='Task Agreement Form'!$E68 -> 2.7649897
B110: ='Task Agreement Form'!$C69 -> 0 | F110: ='Task Agreement Form'!$E69 -> 0
B111: ='Task Agreement Form'!$C70 -> 0 | F111: ='Task Agreement Form'!$E70 -> 0
B112: ='Task Agreement Form'!$C71 -> 0 | F112: ='Task Agreement Form'!$E71 -> 0
B113: ='Task Agreement Form'!$C72 -> 0 | F113: ='Task Agreement Form'!$E72 -> 0
B114: ='Task Agreement Form'!$C73 -> 0 | F114: ='Task Agreement Form'!$E73 -> 0
B115: ='Task Agreement Form'!$C74 -> 0 | F115: ='Task Agreement Form'!$E74 -> 0
B116: ='Task Agreement Form'!$C77 -> 0 | F116: ='Task Agreement Form'!$E77 -> 1.8433265
B117: ='Task Agreement Form'!$C78 -> 0 | F117: ='Task Agreement Form'!$E78 -> 0
B118: ='Task Agreement Form'!$C79 -> 0 | F118: ='Task Agreement Form'!$E79 -> 0
B119: ='Task Agreement Form'!$C80 -> 0 | F119: ='Task Agreement Form'!$E80 -> 0
B120: ='Task Agreement Form'!$C81 -> 0 | F120: ='Task Agreement Form'!$E81 -> 0
B121: ='Task Agreement Form'!$C82 -> 0 | F121: ='Task Agreement Form'!$E82 -> 0
B122: ='Task Agreement Form'!$C83 -> 0 | F122: ='Task Agreement Form'!$E83 -> 0
B123: ='Task Agreement Form'!$C84 -> 0 | F123: ='Task Agreement Form'!$E84 -> 0
B124: ='Task Agreement Form'!$C85 -> 0 | F124: ='Task Agreement Form'!$E85 -> 0
B125: ='Task Agreement Form'!$C88 -> 0 | F125: ='Task Agreement Form'!$E88 -> 0
B126: ='Task Agreement Form'!$C89 -> 0 | F126: ='Task Agreement Form'!$E89 -> 0
B127: ='Task Agreement Form'!$C90 -> 0 | F127: ='Task Agreement Form'!$E90 -> 0
B128: ='Task Agreement Form'!$C91 -> 0 | F128: ='Task Agreement Form'!$E91 -> 0
B129: ='Task Agreement Form'!$C92 -> 0 | F129: ='Task Agreement Form'!$E92 -> 0
...
